﻿<?xml version="1.0" encoding="utf-8"?>
<tIPRA xmlns:ct="http://tempuri.org/eaviias/commontypes" xmlns:xsd="http://www.w3.org/2001/XMLSchema-instance" Version="1.2" xmlns="http://rosmintrud.ru/mse/eaviias/ipr/151201">
  <Id>00abff1d-da8f-4149-adde-bed0c6146911</Id>
  <Buro>
    <ct:ShortName>Бюро №1-филиал ФКУ "ГБ МСЭ по Ярославской области"</ct:ShortName>
    <ct:FullName>Бюро №1-филиал ФКУ "ГБ МСЭ по Ярославской области"</ct:FullName>
    <ct:Number>1</ct:Number>
    <ct:OrgName>Бюро №1-филиал ФКУ "ГБ МСЭ по Ярославской области"</ct:OrgName>
  </Buro>
  <Recipient>
    <Name>Департамент здравоохранения и фармации Ярославской области</Name>
    <Address>150000, Ярославская обл, Ярославль г, Советская ул, д. 11/9</Address>
    <RecipientType>
      <ct:Id>1</ct:Id>
      <ct:Value>ОИВ субъекта РФ в сфере охраны здоровья</ct:Value>
    </RecipientType>
  </Recipient>
  <Number>50.1.76/2016</Number>
  <ProtocolNum>77.1.76/2016</ProtocolNum>
  <ProtocolDate>2016-02-05</ProtocolDate>
  <IsForChild>false</IsForChild>
  <Person>
    <Id>dc1debbe-c6b4-4736-af70-a757bf77b436</Id>
    <FIO>
      <ct:LastName>Уральский</ct:LastName>
      <ct:FirstName>Евгений</ct:FirstName>
      <ct:SecondName>Арсеньевич</ct:SecondName>
    </FIO>
    <Age>
      <ct:Years>67</ct:Years>
    </Age>
    <Citizenship>
      <ct:Id>1</ct:Id>
      <ct:Value>гражданин Российской Федерации</ct:Value>
    </Citizenship>
    <SNILS>071-343-534 37</SNILS>
    <BirthDate>1948-07-08</BirthDate>
    <LivingAddress>
      <Type>
        <ct:Id>1</ct:Id>
        <ct:Value>Адрес места жительства</ct:Value>
      </Type>
      <Value>152630, Ярославская обл, Угличский р-н, Епихарка д</Value>
      <Fields>
        <ZipCode>152630</ZipCode>
        <Country>Российская Федерация</Country>
        <TerritorySubjectID>76</TerritorySubjectID>
        <TerritorySubjectName>Ярославская обл</TerritorySubjectName>
        <TerritorySubjectGuid>a84b2ef4-db03-474b-b552-6229e801ae9b</TerritorySubjectGuid>
        <District>Угличский р-н</District>
        <DistrictGuid>c466bb3d-9727-45c7-bb7e-b492deedbacf</DistrictGuid>
        <PlaceTypeId>5</PlaceTypeId>
        <PlaceTypeName>деревня</PlaceTypeName>
        <PlaceKindId>2</PlaceKindId>
        <PlaceKindName>Сельское поселение</PlaceKindName>
        <Place>Епихарка д</Place>
        <PlaceGuid>827f6cc5-2872-4117-a9bb-26d788496f8d</PlaceGuid>
        <CityDistrict />
        <Street />
        <StreetGuid />
        <House />
        <HouseGuid />
        <Corpus />
        <Building />
        <Appartment />
      </Fields>
    </LivingAddress>
    <HasNoLivingAddress>false</HasNoLivingAddress>
    <RegAddress xsd:nil="true" />
    <HasNoRegAddress>false</HasNoRegAddress>
    <Email />
    <IdentityDoc>
      <ct:Title>Паспорт гражданина России</ct:Title>
      <ct:Series>7804</ct:Series>
      <ct:Number>028034</ct:Number>
      <ct:Issuer>Пошехонским РОВД</ct:Issuer>
      <ct:IssueDate>2003-10-01</ct:IssueDate>
    </IdentityDoc>
    <IsMale>true</IsMale>
  </Person>
  <Representative xsd:nil="true" />
  <LifeRestrictions>
    <SelfCare>1</SelfCare>
    <Moving>2</Moving>
    <Orientation>4</Orientation>
    <Communication>4</Communication>
    <Learn>4</Learn>
    <Work>2</Work>
    <BehaviorControl>4</BehaviorControl>
  </LifeRestrictions>
  <IsFirst>false</IsFirst>
  <EndDate indefinite="true">0001-01-01</EndDate>
  <IssueDate>2016-02-05</IssueDate>
  <MedSection>
    <EventGroups>
      <Group>
        <GroupType>
          <ct:Id>34</ct:Id>
          <ct:Value>Медицинская реабилитация</ct:Value>
        </GroupType>
        <Need>true</Need>
        <PeriodTo indefinite="true">0001-01-01</PeriodTo>
        <Executor>Департамент здравоохранения и фармации Ярославской области</Executor>
      </Group>
    </EventGroups>
    <PrognozResult>
      <FuncRecovery>
        <ct:Id>2</ct:Id>
        <ct:Value>частично</ct:Value>
      </FuncRecovery>
      <FuncCompensation>
        <ct:Id>2</ct:Id>
        <ct:Value>частично</ct:Value>
      </FuncCompensation>
    </PrognozResult>
    <SenderMedOrgName>ГУЗЩ ЯО УЦРБ</SenderMedOrgName>
  </MedSection>
  <RequiredHelp>
    <HelpItems>
      <HelpItem>
        <HelpCategory>
          <ct:Id>50</ct:Id>
          <ct:Value>Помощь инвалиду, передвигающемуся в кресле-коляске, на объектах социальной, инженерной и транспортной инфраструктур, при входе в такие объекты и выходе из них, посадке в транспортное средство и высадке из него, в том числе с использованием кресла-коляски</ct:Value>
        </HelpCategory>
        <Need>false</Need>
      </HelpItem>
      <HelpItem>
        <HelpCategory>
          <ct:Id>53</ct:Id>
          <ct:Value>Предоставление инвалидам по слуху при необходимости услуги с использованием русского жестового языка, включая обеспечение допуска сурдопереводчика, тифлосурдопереводчика</ct:Value>
        </HelpCategory>
        <Need>false</Need>
      </HelpItem>
      <HelpItem>
        <HelpCategory>
          <ct:Id>51</ct:Id>
          <ct:Value>Сопровождение инвалида, имеющего стойкие расстройства функции зрения и самостоятельного передвижения, и оказание ему помощи на объектах социальной, инженерной и транспортной инфраструктур</ct:Value>
        </HelpCategory>
        <Need>false</Need>
      </HelpItem>
      <HelpItem>
        <HelpCategory>
          <ct:Id>54</ct:Id>
          <ct:Value>Оказание необходимой помощи инвалиду в доступной для него форме в уяснении порядка предоставления и получения услуги, в оформлении документов, в совершении им других необходимых для получения услуги действий</ct:Value>
        </HelpCategory>
        <Need>false</Need>
      </HelpItem>
      <HelpItem>
        <HelpCategory>
          <ct:Id>52</ct:Id>
          <ct:Value>Обеспечение допуска на объекты социальной, инженерной и транспортной инфраструктур, в которых предоставляются услуги, собаки-проводника при наличии документа, подтверждающего ее специальное обучение в соответствии с законодательством Российской Федерации</ct:Value>
        </HelpCategory>
        <Need>false</Need>
      </HelpItem>
    </HelpItems>
    <OtherHelp />
  </RequiredHelp>
  <IsAgreed>true</IsAgreed>
  <IsRepresentativeSign>false</IsRepresentativeSign>
  <FIOHead>
    <ct:LastName>М</ct:LastName>
    <ct:FirstName>А</ct:FirstName>
    <ct:SecondName>Приорова</ct:SecondName>
  </FIOHead>
  <DevelopDate>2016-02-05</DevelopDate>
</tIPRA>
