﻿<?xml version="1.0" encoding="utf-8"?>
<tIPRA xmlns:ct="http://tempuri.org/eaviias/commontypes" xmlns:xsd="http://www.w3.org/2001/XMLSchema-instance" Version="1.3" xmlns="http://rosmintrud.ru/mse/eaviias/ipr/151201">
  <Id>00ca2c84-b310-4615-8798-2e376f74711a</Id>
  <Buro>
    <ct:ShortName>Бюро №1-филиал ФКУ "ГБ МСЭ по Ярославской области"</ct:ShortName>
    <ct:FullName>Бюро №1-филиал ФКУ "ГБ МСЭ по Ярославской области"</ct:FullName>
    <ct:Number>1</ct:Number>
    <ct:OrgName>Бюро №1-филиал ФКУ "ГБ МСЭ по Ярославской области"</ct:OrgName>
  </Buro>
  <Recipient>
    <Name>Департамент здравоохранения и фармации Ярославской области</Name>
    <Address>150000, Ярославская обл, Ярославль г, Советская ул, д. 11/9</Address>
    <RecipientType>
      <ct:Id>1</ct:Id>
      <ct:Value>ОИВ субъекта РФ в сфере охраны здоровья</ct:Value>
    </RecipientType>
  </Recipient>
  <Number>150.1.76/2016</Number>
  <ProtocolNum>143.1.76/2016</ProtocolNum>
  <ProtocolDate>2016-03-25</ProtocolDate>
  <IsForChild>false</IsForChild>
  <Person>
    <Id>4730b380-a0b7-457b-9715-a99ddc680525</Id>
    <FIO>
      <ct:LastName>Гусев</ct:LastName>
      <ct:FirstName>Виктор</ct:FirstName>
      <ct:SecondName>Васильевич</ct:SecondName>
    </FIO>
    <Age>
      <ct:Years>69</ct:Years>
    </Age>
    <Citizenship>
      <ct:Id>1</ct:Id>
      <ct:Value>гражданин Российской Федерации</ct:Value>
    </Citizenship>
    <SNILS>071-515-998 70</SNILS>
    <BirthDate>1946-07-18</BirthDate>
    <LivingAddress>
      <Type>
        <ct:Id>1</ct:Id>
        <ct:Value>Адрес места жительства</ct:Value>
      </Type>
      <Value>152610, Ярославская обл, Угличский р-н, Углич г, Свободы ул, д. 39а, кв. 1</Value>
      <Fields>
        <ZipCode>152610</ZipCode>
        <Country>Российская Федерация</Country>
        <TerritorySubjectID>76</TerritorySubjectID>
        <TerritorySubjectName>Ярославская обл</TerritorySubjectName>
        <TerritorySubjectGuid>a84b2ef4-db03-474b-b552-6229e801ae9b</TerritorySubjectGuid>
        <District>Угличский р-н</District>
        <DistrictGuid>c466bb3d-9727-45c7-bb7e-b492deedbacf</DistrictGuid>
        <PlaceTypeId>1</PlaceTypeId>
        <PlaceTypeName>город</PlaceTypeName>
        <PlaceKindId>1</PlaceKindId>
        <PlaceKindName>Городское поселение</PlaceKindName>
        <Place>Углич г</Place>
        <PlaceGuid>bddb02e3-ce5b-4128-8433-b4ad228914b9</PlaceGuid>
        <CityDistrict />
        <Street>Свободы ул</Street>
        <StreetGuid>133f19ce-c781-4f1b-b899-5deded191b37</StreetGuid>
        <House>39а</House>
        <HouseGuid>8eab46af-255a-4750-93ae-2c692cf7bb9b</HouseGuid>
        <Corpus />
        <Building />
        <Appartment>1</Appartment>
      </Fields>
    </LivingAddress>
    <HasNoLivingAddress>false</HasNoLivingAddress>
    <RegAddress xsd:nil="true" />
    <HasNoRegAddress>false</HasNoRegAddress>
    <Phones>
      <Phone>89109764735</Phone>
    </Phones>
    <Email />
    <IdentityDoc>
      <ct:Title>Паспорт гражданина России</ct:Title>
      <ct:Series>7801</ct:Series>
      <ct:Number>455528</ct:Number>
      <ct:Issuer>Угличским ГОВД ЯО</ct:Issuer>
      <ct:IssueDate>2002-02-15</ct:IssueDate>
    </IdentityDoc>
    <IsMale>true</IsMale>
  </Person>
  <Representative xsd:nil="true" />
  <LifeRestrictions>
    <SelfCare>1</SelfCare>
    <Moving>1</Moving>
    <Orientation>4</Orientation>
    <Communication>4</Communication>
    <Learn>4</Learn>
    <Work>1</Work>
    <BehaviorControl>4</BehaviorControl>
  </LifeRestrictions>
  <IsFirst>false</IsFirst>
  <EndDate>2017-04-01</EndDate>
  <IssueDate>2016-03-25</IssueDate>
  <MedSection>
    <EventGroups>
      <Group>
        <GroupType>
          <ct:Id>34</ct:Id>
          <ct:Value>Медицинская реабилитация</ct:Value>
        </GroupType>
        <Need>true</Need>
        <PeriodFrom>2016-04-01</PeriodFrom>
        <PeriodTo>2017-04-01</PeriodTo>
        <Executor>Департамент здравоохранения и фармации Ярославской области</Executor>
      </Group>
    </EventGroups>
    <PrognozResult>
      <FuncRecovery>
        <ct:Id>2</ct:Id>
        <ct:Value>частично</ct:Value>
      </FuncRecovery>
      <FuncCompensation>
        <ct:Id>2</ct:Id>
        <ct:Value>частично</ct:Value>
      </FuncCompensation>
    </PrognozResult>
    <SenderMedOrgName>ГУЗ ЯО "Углическая ЦРБ"</SenderMedOrgName>
  </MedSection>
  <RequiredHelp>
    <HelpItems>
      <HelpItem>
        <HelpCategory>
          <ct:Id>52</ct:Id>
          <ct:Value>Обеспечение допуска на объекты социальной, инженерной и транспортной инфраструктур, в которых предоставляются услуги, собаки-проводника при наличии документа, подтверждающего ее специальное обучение в соответствии с законодательством Российской Федерации</ct:Value>
        </HelpCategory>
        <Need>false</Need>
      </HelpItem>
      <HelpItem>
        <HelpCategory>
          <ct:Id>53</ct:Id>
          <ct:Value>Предоставление инвалидам по слуху при необходимости услуги с использованием русского жестового языка, включая обеспечение допуска сурдопереводчика, тифлосурдопереводчика</ct:Value>
        </HelpCategory>
        <Need>false</Need>
      </HelpItem>
      <HelpItem>
        <HelpCategory>
          <ct:Id>50</ct:Id>
          <ct:Value>Помощь инвалиду, передвигающемуся в кресле-коляске, на объектах социальной, инженерной и транспортной инфраструктур, при входе в такие объекты и выходе из них, посадке в транспортное средство и высадке из него, в том числе с использованием кресла-коляски</ct:Value>
        </HelpCategory>
        <Need>false</Need>
      </HelpItem>
      <HelpItem>
        <HelpCategory>
          <ct:Id>51</ct:Id>
          <ct:Value>Сопровождение инвалида, имеющего стойкие расстройства функции зрения и самостоятельного передвижения, и оказание ему помощи на объектах социальной, инженерной и транспортной инфраструктур</ct:Value>
        </HelpCategory>
        <Need>false</Need>
      </HelpItem>
      <HelpItem>
        <HelpCategory>
          <ct:Id>54</ct:Id>
          <ct:Value>Оказание необходимой помощи инвалиду в доступной для него форме в уяснении порядка предоставления и получения услуги, в оформлении документов, в совершении им других необходимых для получения услуги действий</ct:Value>
        </HelpCategory>
        <Need>false</Need>
      </HelpItem>
    </HelpItems>
    <OtherHelp />
  </RequiredHelp>
  <IsAgreed>true</IsAgreed>
  <IsRepresentativeSign>false</IsRepresentativeSign>
  <FIOHead>
    <ct:LastName>Л</ct:LastName>
    <ct:FirstName>В</ct:FirstName>
    <ct:SecondName>Паймулова</ct:SecondName>
  </FIOHead>
  <DevelopDate>2016-03-25</DevelopDate>
</tIPRA>
